"County","Disease_Condition","Total_Number_Sick"
"Baringo","Anaplasmosis",4
"Baringo","Animal bites",2
"Baringo","Bees Sting",1
"Baringo","Black Quarter",2
"Baringo","Blue  Tongue",9
"Baringo","Blue Tongue ",268
"Baringo","Bluetongue ",3
"Baringo","Calf Scours ",2
"Baringo","Coccidosis",5
"Baringo","Contagious Caprine Pleuropneumonia (CCPP)",230
"Baringo","Damerthophylosis",1
"Baringo","East Coast Fever(ECF)",4
"Baringo","Enterotoxaemia",16
"Baringo","Foot and Mouth Disease (FMD)",338
"Baringo","Goat Pox",602
"Baringo","Heart Water",8
"Baringo","Helminthiasis",49
"Baringo","Johnes Disease",1
"Baringo","Lumpy Skin Disease (LSD)",57
"Baringo","Newcastle Disease (NCD)",30
"Baringo","Non",7
"Baringo","Peste des Petit Ruminants (PPR)",385
"Baringo","Pneumonia",63
"Baringo","Poisoning",1
"Baringo","Rabies",3
"Baringo","Sheep Pox",133
"Baringo","blue tongue",3
"Bomet","Abscess",1
"Bomet","Abscesses",1
"Bomet","Anaplasmosis",1
"Bomet","Animal bites",0
"Bomet","Anthrax",7
"Bomet","Black Quarter",2
"Bomet","Brucellosis",2
"Bomet","Coccidosis",4
"Bomet","East Coast Fever(ECF)",4
"Bomet","Fasciola",0
"Bomet","Fatty Degeneration",1
"Bomet","Fibrosis",1
"Bomet","Foot and Mouth Disease (FMD)",87
"Bomet","Helminthiasis",53
"Bomet","Hydited Cyst",0
"Bomet","Liver Cyrrhosis",1
"Bomet","Liver cyrrhosis",1
"Bomet","Lumpy Skin Disease (LSD)",11
"Bomet","Mange",4
"Bomet","Mastitis",1
"Bomet","Peste des Petit Ruminants (PPR)",7
"Bomet","Pneumonia",13
"Bomet","Poisoning",41
"Bomet","Rabies",8
"Bomet","Streptothricosis",1
"Bomet","Telangiectasis",1
"Bomet","Trypanosomiasis",0
"Bomet","ephemeral fever ",1
"Bungoma"," 0",3
"Bungoma"," Myasis",3
"Bungoma","00",1
"Bungoma","Acute Camel Disease Syndromes (ACDS)",4
"Bungoma","Anaplasmosis",24
"Bungoma","Animal bites",36
"Bungoma","Anthrax",1
"Bungoma","Black Quarter",4
"Bungoma","Brucellosis",9
"Bungoma","Coccidosis",22
"Bungoma","Coeneurosis",2
"Bungoma","Colic",1
"Bungoma","Dystocia",2
"Bungoma","East Coast Fever ",1
"Bungoma","East Coast Fever(ECF)",18
"Bungoma","Ehrlichiosis",3
"Bungoma","Enterotoxaemia",3
"Bungoma","Food Poison ",2
"Bungoma","Foot and Mouth Disease (FMD)",218
"Bungoma","Heart Water",4
"Bungoma","Helminthiasis",166
"Bungoma","Hyenas Bite ",3
"Bungoma","Infectious Bronchitis",6
"Bungoma","Infectious Bursai Disease (Gumboro)",1
"Bungoma","Ketosis",1
"Bungoma","Laminitis",1
"Bungoma","Lumpy Skin Disease (LSD)",16
"Bungoma","Mange",7
"Bungoma","Mastitis ",1
"Bungoma","Newcastle Disease (NCD)",2
"Bungoma","Orf",1
"Bungoma","Orf ",4
"Bungoma","Pneumonia",114
"Bungoma","Post Parturient Condition ",0
"Bungoma","Rabies",4
"Bungoma","Swine dysentery ",1
"Bungoma","Tetanus",1
"Bungoma","Trypanosomiasis",8
"Busia","Abdominal Hernia",1
"Busia","Abscess ",1
"Busia","African Swine Fever (ASF)",20
"Busia","Anaestrus ",1
"Busia","Anaplasmosis",49
"Busia","Animal bites",19
"Busia","Anthrax",0
"Busia","Atrophic rhinitis",1
"Busia","Babesiosis",2
"Busia","Black Quarter",8
"Busia","Bottle Jow",1
"Busia","Bovine Filariasis ",1
"Busia","Bovine Salmonellosis",1
"Busia","Brucellosis",22
"Busia","Calf Scours ",1
"Busia","Canine Distemper (CD)",5
"Busia","Cervical Prolapse In An Incalf Cow",1
"Busia","Clinical Mastitis",1
"Busia","Coccidosis",68
"Busia","Coeneurosis",1
"Busia","Cutaneous Myiasis",2
"Busia","Cutaneous Wounds(Fungal)",1
"Busia","Dermatophilosis",1
"Busia","Dermatophilosis ",1
"Busia","Dermatophytosis ",1
"Busia","Dietary Diarrhea ",1
"Busia","Dislocation ",1
"Busia","Downer Cow Syndrome",1
"Busia","Dystocia",1
"Busia","Dystocia ",2
"Busia","East Coast Fever(ECF)",50
"Busia","Enterotoxaemia",28
"Busia","Food Poisoming",11
"Busia","Foot Rot",2
"Busia","Foot and Mouth Disease (FMD)",12
"Busia","Fowl Pox",69
"Busia","Fowl Typhoid ",2
"Busia","Fowl Typoid",14
"Busia","Heart Water",10
"Busia","Helminthiasis",331
"Busia","Injury ",3
"Busia","Keratoconjutivitis",9
"Busia","Ketosis",2
"Busia","Ketosis/Enterotoxaemia",1
"Busia","Lameness ",3
"Busia","Leptospirosis ",1
"Busia","Lumpy Skin Disease (LSD)",203
"Busia","Mange",14
"Busia","Mastitis",2
"Busia","Mastitis ",2
"Busia","Menges",1
"Busia","Newcastle Disease (NCD)",55
"Busia","Non",12
"Busia","Paraphimosis",1
"Busia","Parvovirus",4
"Busia","Peste des Petit Ruminants (PPR)",1
"Busia","Pink Eye",3
"Busia","Pink Eye Disease ",1
"Busia","Pneumonia",22
"Busia","Poisoning",2
"Busia","Pustular Dermatitis",2
"Busia","Rabies",6
"Busia","Red Urine ",1
"Busia","Rift Valley Fever (RVF)",2
"Busia","Shipping Fever",1
"Busia","Stomach Enteritis",1
"Busia","Suspected Snake Bite",1
"Busia","Swine Erysipelas",69
"Busia","Trauma ",1
"Busia","Traumatic Deep Cut ",1
"Busia","Traumatic Injury ",1
"Busia","Trypanosomiasis",139
"Busia","Warble ",1
"Busia","ephemeral fever ",1
"Elgeyo/Marakwet","Abortion ",1
"Elgeyo/Marakwet","Absess",1
"Elgeyo/Marakwet","Anaplasmosis",12
"Elgeyo/Marakwet","Animal Bite",5
"Elgeyo/Marakwet","Animal bites",3
"Elgeyo/Marakwet","Babesia Bovis",1
"Elgeyo/Marakwet","Babesiosis ",1
"Elgeyo/Marakwet","Bloat",3
"Elgeyo/Marakwet","Blue Tongue ",1
"Elgeyo/Marakwet","Brucellosis",10
"Elgeyo/Marakwet","Cirrhosis",1
"Elgeyo/Marakwet","Coccidosis",1
"Elgeyo/Marakwet","Diarrhoea",3
"Elgeyo/Marakwet","Distocia",1
"Elgeyo/Marakwet","Dystochia",1
"Elgeyo/Marakwet","East Coast Fever(ECF)",84
"Elgeyo/Marakwet","Ephemeral Fever",1
"Elgeyo/Marakwet","Foetal Mumification",1
"Elgeyo/Marakwet","Foot and Mouth Disease (FMD)",12
"Elgeyo/Marakwet","Footrot",24
"Elgeyo/Marakwet","Fowl Pox",10
"Elgeyo/Marakwet","Goat Pox",2
"Elgeyo/Marakwet","Haemorrhagic septicemia",12
"Elgeyo/Marakwet","Heart Water",5
"Elgeyo/Marakwet","Helminthiasis",28
"Elgeyo/Marakwet","Johnes Disease",1
"Elgeyo/Marakwet","Mange Infestation ",3
"Elgeyo/Marakwet","Mastitis",2
"Elgeyo/Marakwet","Mastitis ",1
"Elgeyo/Marakwet","Mineral Salt Defficiency",1
"Elgeyo/Marakwet","No",2
"Elgeyo/Marakwet","Oestrus Ovis ",1
"Elgeyo/Marakwet","Peste des Petit Ruminants (PPR)",6
"Elgeyo/Marakwet","Plant Poison",1
"Elgeyo/Marakwet","Pneumonia",12
"Elgeyo/Marakwet","Poisoning",2
"Elgeyo/Marakwet","Rabies",10
"Elgeyo/Marakwet","Redwater",1
"Elgeyo/Marakwet","Retained",0
"Elgeyo/Marakwet","Retained  After Birth",0
"Elgeyo/Marakwet","Retained Placenta",1
"Elgeyo/Marakwet","Sheep Pox",6
"Elgeyo/Marakwet","TVT",1
"Elgeyo/Marakwet","Tetanus",0
"Embu","Anthrax",0
"Embu","Brucellosis",8
"Embu","Foot and Mouth Disease (FMD)",19
"Embu","Lumpy Skin Disease (LSD)",218
"Embu","Rabies",1
"Garissa"," Anaplasmosis ",42
"Garissa","Anaplasmosis",3
"Garissa","Animal bites",2
"Garissa","Anthrax",1
"Garissa","Arthritis ",3
"Garissa","Babesiosis ",0
"Garissa","Brucellosis",12
"Garissa","Contagious Bovine Pleuropneumonia (CBPP)",6
"Garissa","Contagious Caprine Pleuropneumonia (CCPP)",613
"Garissa","Contagious Ecthyma",38
"Garissa","Contagious Ecthyma ",24
"Garissa","East Coast Fever(ECF)",3
"Garissa","Foot and Mouth Disease (FMD)",237
"Garissa","Goat Pox",35
"Garissa","Helminthiasis",5
"Garissa","Infectious Bursai Disease (Gumboro)",12
"Garissa","Iron Defficiency",9
"Garissa","Lumpy Skin Disease (LSD)",8
"Garissa","Mange",15
"Garissa","Peste des Petit Ruminants (PPR)",261
"Garissa","Pneumonia",26
"Garissa","Sheep Pox",344
"Garissa","Trypanosomiasis",119
"Garissa","Wound ",1
"Homa Bay","Foot and Mouth Disease (FMD)",5
"Isiolo","Abscesses ",1
"Isiolo","Contagious Caprine Pleuropneumonia (CCPP)",25
"Isiolo","Disease Characterized By General Elongation Of Hooves Leading To Lameness",6
"Isiolo","Foot and Mouth Disease (FMD)",6
"Isiolo","Footrot",11
"Isiolo","Goat Pox",6
"Isiolo","Helminthiasis",7
"Isiolo","Menge",2
"Isiolo","Pneumonia",3
"Isiolo","Pneumonia ",6
"Kajiado","Anthrax",2
"Kajiado","Anthrax ",4
"Kajiado","Babesiosis ",1
"Kajiado","Black Quarter",2
"Kajiado","Brucellosis",25
"Kajiado","Contagious Bovine Pleuropneumonia (CBPP)",12
"Kajiado","Contagious Caprine Pleuropneumonia (CCPP)",107
"Kajiado","Ecf",7
"Kajiado","Foot and Mouth Disease (FMD)",87
"Kajiado","Goat Pox",4
"Kajiado","Heart Water",1
"Kajiado","Helminthiasis",8
"Kajiado","Leptospirosis",5
"Kajiado","Lumpy Skin Disease (LSD)",120
"Kajiado","Newcastle Disease (NCD)",6
"Kajiado","Orf",10
"Kajiado","Peste des Petit Ruminants (PPR)",216
"Kajiado","Pneumonia",5
"Kajiado","Rabies",3
"Kajiado","Rift Valley Fever (RVF)",10
"Kajiado","Sheep scab",3
"Kakamega","Abscess ",8
"Kakamega","Anaplasmosis",17
"Kakamega","Animal bites",5
"Kakamega","Anthrax",3
"Kakamega","Bee Stings ",4
"Kakamega","Black Quarter",14
"Kakamega","Brucellosis",46
"Kakamega","Caseous Lymphad ",3
"Kakamega","Cervical Prolapse",1
"Kakamega","Clinical Mastits",1
"Kakamega","Coccidosis",30
"Kakamega","Contagious Caprine Pleuropneumonia (CCPP)",40
"Kakamega","Dermatitis ",1
"Kakamega","Dermatomycosis",4
"Kakamega","Dermatophilosis ",1
"Kakamega","Dermatophylosis",4
"Kakamega","Diarrhoea ",2
"Kakamega","Dytocia",1
"Kakamega","East Coast Fever(ECF)",79
"Kakamega","Enterotoxaemia",7
"Kakamega","Foot And Rot",1
"Kakamega","Foot and Mouth Disease (FMD)",102
"Kakamega","Fowl Typhoid",5
"Kakamega","Goat Pox",52
"Kakamega","H.S",12
"Kakamega","Haemorrhagic septicemia",8
"Kakamega","Heart Water",1
"Kakamega","Helminthiasis",99
"Kakamega","Injury",1
"Kakamega","Johnes Disease",1
"Kakamega","Kennel cough",1
"Kakamega","Lumpy Skin Disease (LSD)",40
"Kakamega","Mange",5
"Kakamega","Mastitis",6
"Kakamega","Mastitis ",5
"Kakamega","Milk Fever",1
"Kakamega","Myocarditis ",0
"Kakamega","Parasite Infestation ",2
"Kakamega","Parvovirus",1
"Kakamega","Pink Eye ",7
"Kakamega","Pink Eye Infection ",1
"Kakamega","Pneumonia",24
"Kakamega","Poisoning",1
"Kakamega","Rabies",16
"Kakamega","Ringworms",1
"Kakamega","Salmonellosis ",2
"Kakamega","Salmonelosis",1
"Kakamega","Trypanosomiasis",15
"Kakamega","Vaginitis",1
"Kakamega","Warts",2
"Kakamega","injury ",1
"Kericho","Anaplasmosis",2
"Kericho","Anthrax",0
"Kericho","Black Quarter",0
"Kericho","Foot And Mouth ",25
"Kericho","Foot and Mouth Disease (FMD)",5
"Kericho","Lumpy Skin Disease (LSD)",3
"Kericho","Rabies",2
"Kiambu","Foot and Mouth Disease (FMD)",8
"Kiambu","Lumpy Skin Disease (LSD)",1
"Kilifi","East Coast Fever(ECF)",2
"Kilifi","Heart Water",1
"Kilifi","Helminthiasis",8
"Kilifi","Lumpy Skin Disease (LSD)",2
"Kilifi","Mange",1
"Kilifi","Newcastle Disease (NCD)",6
"Kilifi","Pneumonia",6
"Kilifi","Trypanosomiasis",3
"Kirinyaga","Anaplasmosis",1
"Kirinyaga","Helminthiasis",14
"Kisii","Anthrax",0
"Kisumu","Anaplasmosis",2
"Kisumu","Animal bites",4
"Kisumu","Anthrax",0
"Kisumu","Black Quarter",2
"Kisumu","East Coast Fever(ECF)",8
"Kisumu","Ehrlichiosis",2
"Kisumu","Helminthiasis",8
"Kisumu","Johnes Disease",1
"Kisumu","Lumpy Skin Disease (LSD)",1
"Kisumu","Metritis ",1
"Kisumu","Nsd",1
"Kisumu","Parvovirus",1
"Kisumu","Pneumonia",1
"Kisumu","Septic Wound",1
"Kisumu","Trypanosomiasis",5
"Kitui","Abscess",0
"Kitui","Anaplasmosis",5
"Kitui","Anaplasmosis ",2
"Kitui","Animal bites",4
"Kitui","Babesiosis ",1
"Kitui","Bovine Ephemeral Fever",3
"Kitui","Coccidosis",10
"Kitui","Contagious Caprine Pleuropneumonia (CCPP)",147
"Kitui","DHLP",0
"Kitui","East Coast Fever(ECF)",7
"Kitui","Ehrlichiosis",1
"Kitui","Enterotoxaemia",4
"Kitui","Foot and Mouth Disease (FMD)",30
"Kitui","Heart Water",6
"Kitui","Helminthiasis",344
"Kitui","Lumpy Skin Disease (LSD)",3
"Kitui","Mange",1
"Kitui","Myiasis",4
"Kitui","Newcastle Disease (NCD)",110
"Kitui","Peste des Petit Ruminants (PPR)",29
"Kitui","Pimply Guts ",1
"Kitui","Pneumonia",92
"Kitui","Sarcoid ",1
"Kitui","Tetanus",1
"Kitui","Tetanus ",1
"Kitui","Trypanosomiasis",8
"Kwale","Abscess ",1
"Kwale","Amoebiasis ",1
"Kwale","Anaplasmosis",48
"Kwale","Bacterial Infection",2
"Kwale","Black Quarter",1
"Kwale","Bloat",1
"Kwale","CRD",3
"Kwale","Canine Distemper (CD)",1
"Kwale","Coccidosis",108
"Kwale","Contagious Caprine Pleuropneumonia (CCPP)",557
"Kwale","Dermatitis ",1
"Kwale","Dermatophilosis",1
"Kwale","Diarrhea ",2
"Kwale","East Coast Fever(ECF)",30
"Kwale","Enterotoxaemia",11
"Kwale","Envenomation",1
"Kwale","Foot Rot",1
"Kwale","Foot and Mouth Disease (FMD)",33
"Kwale","Fowl Pox",60
"Kwale","Goat Pox",1
"Kwale","Heart Water",29
"Kwale","Helmenthesis ",1
"Kwale","Helminthiasis",280
"Kwale","Infectious Bronchitis",116
"Kwale","Injury ",1
"Kwale","Kennel cough",6
"Kwale","Leptospirosis",1
"Kwale","Lumpy Skin Disease (LSD)",12
"Kwale","Management ",5
"Kwale","Mange",14
"Kwale","Mange Mites",3
"Kwale","Manges",7
"Kwale","Mastitis",1
"Kwale","Mastitis ",1
"Kwale","Metal Cut Wound",1
"Kwale","Newcastle Disease (NCD)",128
"Kwale","No",3
"Kwale","Orf",3
"Kwale","Pneumonia",394
"Kwale","Pneumonia And Mange",16
"Kwale","Poisoning",5
"Kwale","Poisoning ",1
"Kwale","Rabies",3
"Kwale","Retained afterbirth ",3
"Kwale","Salmonellosis",2
"Kwale","Scepticaemia",1
"Kwale","Septicemia ",5
"Kwale","Sheep Pox",2
"Kwale","Ticks Infestation",3
"Kwale","Trypanosomiasis",197
"Kwale","Wound",1
"Kwale","pink eye ",1
"Kwale","wound",1
"Laikipia","Anaplasmosis",1
"Laikipia","Animal bites",2
"Laikipia","Brucellosis",10
"Laikipia","Coccidosis",221
"Laikipia","Contagious Caprine Pleuropneumonia (CCPP)",15
"Laikipia","East Coast Fever(ECF)",26
"Laikipia","Foot Rot",15
"Laikipia","Foot and Mouth Disease (FMD)",7
"Laikipia","Fowl Pox",46
"Laikipia","Helminthiasis",6
"Laikipia","Hemonchosis",200
"Laikipia","Infectious Bursai Disease (Gumboro)",50
"Laikipia","Lumpy Skin Disease (LSD)",14
"Laikipia","Peste des Petit Ruminants (PPR)",19
"Laikipia","Pneumonia",4
"Laikipia","Rabies",1
"Laikipia","Traumatic Reticulopericarditis",0
"Lamu","Animal bites",4
"Lamu","Choke",1
"Lamu","Contagious Bovine Pleuropneumonia (CBPP)",6
"Lamu","Contagious Caprine Pleuropneumonia (CCPP)",109
"Lamu","Enterotoxaemia",2
"Lamu","Foot Rot",1
"Lamu","Foot and Mouth Disease (FMD)",66
"Lamu","Fowl Pox",3
"Lamu","Helminthiasis",46
"Lamu","Lumpy Skin Disease (LSD)",13
"Lamu","Nil",0
"Lamu","Pink Eye ",2
"Lamu","Pneumonia",4
"Lamu","Rabies",1
"Lamu","Trypanosomiasis",5
"Lamu","Trypanosomiasis ",1
"Machakos","Foot and Mouth Disease (FMD)",1
"Machakos","Infectious Bronchitis",10
"Machakos","Lumpy Skin Disease (LSD)",1
"Machakos","Pneumonia ",1
"Machakos","Rabies",0
"Makueni"," 0",6
"Makueni"," Ephemeral Fever ",1
"Makueni","Abscess",1
"Makueni","Abscess ",1
"Makueni","Allergies ",1
"Makueni","Anaemia",1
"Makueni","Anaplasmosis",82
"Makueni","Anaplasmosis ",1
"Makueni","Animal bites",41
"Makueni","Arthritis ",1
"Makueni","Ascites ",1
"Makueni","Babesiosis ",8
"Makueni","Black Quarter",5
"Makueni","Bloat",1
"Makueni","Bluetongue ",1
"Makueni","Brucellosis",88
"Makueni","Calving",1
"Makueni","Canine Distemper (CD)",5
"Makueni","Clinical Mastitis ",1
"Makueni","Coccidosis",13
"Makueni","Collibacillosis",2
"Makueni","Congestion ",1
"Makueni","Conjunctivitis ",3
"Makueni","Contagious Bovine Pleuropneumonia (CBPP)",12
"Makueni","Contagious Caprine Pleuropneumonia (CCPP)",333
"Makueni","Contagious keratoconjunctivitis ",1
"Makueni","Diarrhea ",1
"Makueni","Dog Bite",1
"Makueni","Dystocia",2
"Makueni","East Coast Fever",1
"Makueni","East Coast Fever(ECF)",95
"Makueni","Eclampsia ",1
"Makueni","Enteritis ",2
"Makueni","Enterotoxaemia",6
"Makueni","Ephemeral ",0
"Makueni","Eye Infection ",1
"Makueni","Fascioliasis ",0
"Makueni","Food Poisoning ",1
"Makueni","Foot and Mouth Disease (FMD)",494
"Makueni","Footrot",1
"Makueni","Fowl Pox",3
"Makueni","Fracture ",1
"Makueni","Goat Pox",3
"Makueni","H.S",1
"Makueni","HS",1
"Makueni","Haemorrhagic Septicemia ",3
"Makueni","Haemorrhagic septicemia",1
"Makueni","Heamoligic Septicemia ",1
"Makueni","Heart Water",14
"Makueni","Heat Synchronization ",7
"Makueni","Helminthes",5
"Makueni","Helminthiasis",383
"Makueni","Hide Limb Fracture",0
"Makueni","Hoof Trimming ",1
"Makueni","Hydatid Cyst",1
"Makueni","Hydatidosis ",0
"Makueni","Hydatidosis, Helminthiasis ",0
"Makueni","Hydronephrosis",1
"Makueni","Infectious Bronchitis",33
"Makueni","Injury",1
"Makueni","Insect Bite",1
"Makueni","Iron Deficiency ",9
"Makueni","Kidney Stones ",0
"Makueni","Leptospirosis",7
"Makueni","Liver Abscess",0
"Makueni","Lumpy Skin Disease (LSD)",138
"Makueni","Lympadenities",1
"Makueni","Mange",46
"Makueni","Mange ",3
"Makueni","Mastitis",3
"Makueni","Mastitis ",2
"Makueni","Myasis",4
"Makueni","Myiasis",4
"Makueni","Myiasis ",3
"Makueni","Myopericarditis ",0
"Makueni","Newcastle Disease (NCD)",175
"Makueni","None ",1
"Makueni","Normal ",0
"Makueni","Orf",24
"Makueni","Orf Disease Was Diagnosed ",8
"Makueni","Parvovirus",7
"Makueni","Peste des Petit Ruminants (PPR)",6
"Makueni","Pneumonia",300
"Makueni","Pneumonia ",31
"Makueni","Poisoning",5
"Makueni","Post Parturient Bleeding ",1
"Makueni","Post Parturient Treatment ",2
"Makueni","Premature Birth ",0
"Makueni","Prolapse ",1
"Makueni","Rabies",59
"Makueni","Repeat Breeder Syndrome ",1
"Makueni","Respiratory Infection ",1
"Makueni","Retained Placenta",1
"Makueni","Retained Placenta ",1
"Makueni","Ringworms",1
"Makueni","Route Management Program ",1
"Makueni","Routine Check Up",0
"Makueni","Sheep scab",2
"Makueni","Skin Allergy",1
"Makueni","Skin Infection ",1
"Makueni","Stress ",1
"Makueni","Suspected Fmd ",1
"Makueni","Syphilis ",1
"Makueni","Tetanus",3
"Makueni","Thorn Prick",1
"Makueni","Tick Paralysis ",1
"Makueni","Toxins",10
"Makueni","Trypanosomiasis",70
"Makueni","Tumor ",0
"Makueni","V.Prolapse ",1
"Makueni","Worms",2
"Makueni","Wryneck ",2
"Makueni","ephemeral fever",7
"Makueni","ephemeral fever ",1
"Marsabit"," 0",30
"Marsabit"," Dytocia",1
"Marsabit"," Fever ",1
"Marsabit"," Foot Abscess ",1
"Marsabit"," Foot Rot",15
"Marsabit"," Hynes Predation ",2
"Marsabit"," Mange",26
"Marsabit"," Manges",2
"Marsabit"," Pneumonia ",3
"Marsabit"," Predation ",1
"Marsabit"," Salmonellosis",1
"Marsabit"," Wildlife Attacked ",2
"Marsabit"," orf",8
"Marsabit","Abcess",3
"Marsabit","Abortion",2
"Marsabit","Abortions",2
"Marsabit","Abscess",1
"Marsabit","Abscess ",19
"Marsabit","Acds",5
"Marsabit","Actinomycosis ",2
"Marsabit","Acute Camel Death Syndrome ",1
"Marsabit","Acute Camel Disease",7
"Marsabit","Anaplamosis",1
"Marsabit","Anaplasmosis",37
"Marsabit","Anaplasmosis ",6
"Marsabit","Anaplasmosis Babesiosis and Eperythrozoon Bacteria",3
"Marsabit","Anaplasmosis,Babesiosis and Theileria",1
"Marsabit","Animal bites",128
"Marsabit","Arthritis",3
"Marsabit","Arthritis ",2
"Marsabit","Atresia Ani",1
"Marsabit","Avian leucosis",23
"Marsabit","Babeosis",1
"Marsabit","Babeosis ",3
"Marsabit","Babesios",2
"Marsabit","Babesiosis",13
"Marsabit","Bitten By Hyena ",1
"Marsabit","Black Quarter",23
"Marsabit","Blue Tongue",1
"Marsabit","Blue Tongue Disease",25
"Marsabit","Bovine Ephemeral Fever ",1
"Marsabit","Bovine papillomatosis ",3
"Marsabit","Brucellosis",1108
"Marsabit","Calcium Deficiency ",5
"Marsabit","Calf Scours",2
"Marsabit","Calf Scours ",1
"Marsabit","Camel Abscess",6
"Marsabit","Camel Cough",29
"Marsabit","Camel Cough ",50
"Marsabit","Camel Pox",73
"Marsabit","Canine Distemper (CD)",7
"Marsabit","Caprine arthritis ",4
"Marsabit","Caseous Lymphad",6
"Marsabit","Caseous Lymphanginitis",4
"Marsabit","Caseous Lymphangitis ",3
"Marsabit","Caseous Lymphanitis",2
"Marsabit","Circling",1
"Marsabit","Coccidiosis",1
"Marsabit","Coccidosis",225
"Marsabit","Coenurosis",2
"Marsabit","Coenurosis ",1
"Marsabit","Colic",1
"Marsabit","Coneurosis ",1
"Marsabit","Conjuctivitis",1
"Marsabit","Conjunctivitis ",2
"Marsabit","Contagious Abortion ",1
"Marsabit","Contagious Bovine Pleuropneumonia (CBPP)",47
"Marsabit","Contagious Caprine Pleuropneumonia (CCPP)",754
"Marsabit","Contagious Ecthyma",15
"Marsabit","Cut Wound ",1
"Marsabit","Cutenous Myiasis",7
"Marsabit","Dermatitis ",2
"Marsabit","Diahorrea",5
"Marsabit","Diarhroea",2
"Marsabit","Diarrhoea",7
"Marsabit","Dystocia",1
"Marsabit","East Coast Fever(ECF)",44
"Marsabit","Ectoparasite Infestation ",0
"Marsabit","Edema With Pus",2
"Marsabit","Endometritis",2
"Marsabit","Enteritis",0
"Marsabit","Enterotoxaemia",117
"Marsabit","Eperythrozoon",2
"Marsabit","Eperythrozoon Bacteria ",1
"Marsabit","Eperythrozoon Bactreria",1
"Marsabit","Ephemeral Fever",5
"Marsabit","Ephemeral Fever ",1
"Marsabit","Ephemeral fever",2
"Marsabit","Epmiral Fever ",1
"Marsabit","Equine influenza",2
"Marsabit","Eternal Parasite Infestation ",2
"Marsabit","Eye Disease ",0
"Marsabit","Eye Infection",1
"Marsabit","Eye Infection ",3
"Marsabit","Eye Injury ",1
"Marsabit","Eye Problem ",2
"Marsabit","Feline Dermatitis ",1
"Marsabit","Fever",8
"Marsabit","Fever ",2
"Marsabit","Foitrot",1
"Marsabit","Foot And Rot",1
"Marsabit","Foot Root",5
"Marsabit","Foot Rot",243
"Marsabit","Foot Rot ",16
"Marsabit","Foot Rote ",44
"Marsabit","Foot and Mouth Disease (FMD)",111
"Marsabit","Foot root",10
"Marsabit","Foot rot",3
"Marsabit","Foot rote",1
"Marsabit","Footroot",5
"Marsabit","Footrot",78
"Marsabit","Footrot ",4
"Marsabit","Footrote",7
"Marsabit","Fot rot",12
"Marsabit","Fowl Pox",50
"Marsabit","Fowl paralysis",8
"Marsabit","Fracture ",1
"Marsabit","Fracture Of Tibia And Fibula",0
"Marsabit","Fructure",1
"Marsabit","Goat Pox",144
"Marsabit","Gun Shot Wounds",0
"Marsabit","Haemorrhagic Septicemia ",3
"Marsabit","Haemorrhagic septicemia",160
"Marsabit","Heamorhagic Septicemia ",1
"Marsabit","Heart Water",76
"Marsabit","Helmenthiasis ",5
"Marsabit","Helmets ",0
"Marsabit","Helminthias",10
"Marsabit","Helminthiasis",1968
"Marsabit","Helminthiasis ",70
"Marsabit","Helminths ",0
"Marsabit","High Fever",3
"Marsabit","Hyenas ",1
"Marsabit","Hynes Attacked ",2
"Marsabit","Hynes Attacked and Killed 1 Bovine /Left 1 Injuries ",2
"Marsabit","Infectious Bronchitis",10
"Marsabit","Infectious Bursai Disease (Gumboro)",14
"Marsabit","Infectious Coryza ",3
"Marsabit","Injury ",1
"Marsabit","Kerato Conjuctivities ",1
"Marsabit","Keratoconjunctivities",4
"Marsabit","Ketosis/Hypocalcaemia",1
"Marsabit","Kids Score ",3
"Marsabit","Lack Of Minerals",1
"Marsabit","Laryngotracheitis",10
"Marsabit","Late Abortion",1
"Marsabit","Leptospirosis",1
"Marsabit","Listeriosis",1
"Marsabit","Lumpy Skin Disease (LSD)",88
"Marsabit","Lymph Swelling ",3
"Marsabit","Lymphatic Nodes Swelling ",2
"Marsabit","Malaria",18
"Marsabit","Malaria ",3
"Marsabit","Mange",323
"Marsabit","Mange ",23
"Marsabit","Manges",12
"Marsabit","Mastitis",9
"Marsabit","Mastitis ",51
"Marsabit","Menge",36
"Marsabit","Menge ",8
"Marsabit","Meningitis",1
"Marsabit","Meningitis ",13
"Marsabit","Metritis",1
"Marsabit","Milk Fever",0
"Marsabit","Milk fever",1
"Marsabit","Myasis",2
"Marsabit","Newcastle Disease (NCD)",70
"Marsabit","No",11
"Marsabit","Not Confirmed Yet",7
"Marsabit","ORF",1
"Marsabit","ORF ",8
"Marsabit","Orf",118
"Marsabit","Orf ",13
"Marsabit","Organophosphate",1
"Marsabit","Parasites",57
"Marsabit","Parvovirus",4
"Marsabit","Peste des Petit Ruminants (PPR)",2534
"Marsabit","Pg",0
"Marsabit","Pheumonia",2
"Marsabit","Pink Eye",5
"Marsabit","Pink Eyes",1
"Marsabit","Pink Eyes ",1
"Marsabit","Pinkeye",5
"Marsabit","Plant Poisoning",0
"Marsabit","Pneumonia",700
"Marsabit","Pneumonia ",8
"Marsabit","Poisoning",63
"Marsabit","Predation by Hynes ",4
"Marsabit","Predation {Hyena}",2
"Marsabit","Pullorium disease",2
"Marsabit","Qfever",5
"Marsabit","Rabies",108
"Marsabit","Respiratory Complex ",11
"Marsabit","Respiratory Complications ",5
"Marsabit","Respiratory Problem ",6
"Marsabit","Retained Afterbirth",0
"Marsabit","Retained Placenta",1
"Marsabit","Retained Placenta ",1
"Marsabit","Retained Urine",1
"Marsabit","Rift Valley Fever (RVF)",596
"Marsabit","Ruminal Tympany",2
"Marsabit","Salmonellosis ",3
"Marsabit","Sarcoptic Mange",3
"Marsabit","Septic Wounds",1
"Marsabit","Sheep Pox",97
"Marsabit","Sheep scab",10
"Marsabit","Skin Abscess ",0
"Marsabit","Skin Rashes And Manges",1
"Marsabit","Snake Bite ",1
"Marsabit","Sores Around The Gums",1
"Marsabit","Strangles ",1
"Marsabit","Subclinical Mastitis",1
"Marsabit","Subclinical Mastitis ",1
"Marsabit","Suspected Brucellosis ",1
"Marsabit","Swelling Lymph Nodes ",6
"Marsabit","Swelling Of Glands ",1
"Marsabit","Swollen Edema With Pus",2
"Marsabit","TBDs",394
"Marsabit","TBDs,TRYPS",68
"Marsabit","Taeniosis",1
"Marsabit","Tetanus",16
"Marsabit","Theileriosis",2
"Marsabit","Three Day Sickness ",1
"Marsabit","Torticolis",1
"Marsabit","Trapnomiasis",1
"Marsabit","Trpanosomiasis ",3
"Marsabit","Trypanosomiasis",249
"Marsabit","Upper respiratory infections",2
"Marsabit","Uterine Prolapse ",1
"Marsabit","Vaginal Prolapse ",1
"Marsabit","Vectors",410
"Marsabit","Vitamin D deficiency",3
"Marsabit","Vitamin Deficiencies ",1
"Marsabit","Warbles ",2
"Marsabit","Wary Neck ",1
"Marsabit","White Muscle ",4
"Marsabit","White Muscle Disease ",1
"Marsabit","Wild Life Attacked ",1
"Marsabit","Wildlife(Hynes Attacked)",2
"Marsabit","Wooden Tongue",1
"Marsabit","Worms",1
"Marsabit","Wound",10
"Marsabit","Wound ",3
"Marsabit","Wounds ",2
"Marsabit","Wrinkles Nack ",1
"Marsabit","Wry Neck ",2
"Marsabit","Wry neck",1
"Marsabit","blue tongue ",7
"Marsabit","caseous Lymphad",3
"Marsabit","ephemeral fever ",44
"Marsabit","footrot",20
"Marsabit","hemorrhagic septicemia ",1
"Marsabit","mastitis ",2
"Marsabit","orf",73
"Meru","Abscess ",0
"Meru","East Coast Fever(ECF)",1
"Meru","Foot and Mouth Disease (FMD)",25
"Meru","Hardware ",0
"Meru","Lumpy Skin Disease (LSD)",2
"Meru","Mastitis ",2
"Meru","Peste des Petit Ruminants (PPR)",10
"Meru","Pneumonia",1
"Meru","Trichomonas ",1
"Migori","Lumpy Skin Disease (LSD)",1
"Migori","Rift Valley Fever (RVF)",22
"Mombasa","Anaplasmosis",1
"Mombasa","Anaplasmosis ",1
"Mombasa","Animal bites",1
"Mombasa","Anthrax",1
"Mombasa","Brucellosis",1
"Mombasa","Colic",1
"Mombasa","Contagious Caprine Pleuropneumonia (CCPP)",35
"Mombasa","Ear Canker",9
"Mombasa","Enteritis ",1
"Mombasa","Helminthiasis",48
"Mombasa","Inflammation of Abomesum",1
"Mombasa","Johnes Disease",2
"Mombasa","Lumpy Skin Disease (LSD)",2
"Mombasa","Mange",2
"Mombasa","Mastitis ",1
"Mombasa","Newcastle Disease (NCD)",0
"Mombasa","Otitis Interner",1
"Mombasa","Parvovirus",1
"Mombasa","Pneumonia",50
"Mombasa","Pullorium disease",3
"Mombasa","Rabies",6
"Nairobi","AFLATOXICOSIS",3
"Nairobi","Aflatoxicosis ",4
"Nairobi","Aggressiveness due to loneliness ",1
"Nairobi","Contagious Bovine Pleuropneumonia (CBPP)",3
"Nairobi","Fowl Pox",70
"Nairobi","Lumpy Skin Disease (LSD)",3
"Nairobi","O",2
"Nairobi","Pneumonia",39
"Nairobi","Rabies",5
"Nairobi","White Bacilary Diarrhoea ",1
"Nairobi","White Muscle",2
"Nakuru","Abortion ",1
"Nakuru","African Horse Sickness",1
"Nakuru","African Swine Fever (ASF)",23
"Nakuru","Anaplasmosis",4
"Nakuru","Animal bites",5
"Nakuru","Anthrax",1
"Nakuru","Bee Sting",1
"Nakuru","Black Quarter",3
"Nakuru","Brucellosis",18
"Nakuru","Calf Scours",1
"Nakuru","Coenurosis",1
"Nakuru","Contagious Caprine Pleuropneumonia (CCPP)",3
"Nakuru","East Coast Fever(ECF)",24
"Nakuru","Enterotoxaemia",6
"Nakuru","Foot and Mouth Disease (FMD)",58
"Nakuru","Footrot",5
"Nakuru","Fowl Pox",34
"Nakuru","Helminthiasis",118
"Nakuru","Infectious Coryza",1
"Nakuru","Lumpy Skin Disease (LSD)",15
"Nakuru","Newcastle Disease (NCD)",3
"Nakuru","Non",8
"Nakuru","Not Known",3
"Nakuru","Parvovirus",1
"Nakuru","Pneumonia",176
"Nakuru","Rabies",1
"Nakuru","Salmonellosis ",1
"Nakuru","Sheep Pox",9
"Nakuru","Sweating Sickness",1
"Nakuru","Teat Warts",1
"Nakuru","Trypanosomiasis",1
"Nandi","Anaplasmosis",2
"Nandi","Anthrax",0
"Nandi","Fracture ",1
"Nandi","Helminthiasis",1
"Narok","Animal bites",7
"Narok","Babesiosis",3
"Narok","Bee Sting ",1
"Narok","Black Quarter",2
"Narok","Blue Tongue ",20
"Narok","Brucellosis",15
"Narok","Contagious Caprine Pleuropneumonia (CCPP)",32
"Narok","Cuten",3
"Narok","Dystocia",1
"Narok","East Coast Fever(ECF)",51
"Narok","Enterotoxaemia",19
"Narok","Foot and Mouth Disease (FMD)",85
"Narok","Helminthiasis",77
"Narok","Highly Pathogenic Avian Influenza (HPAI)",20
"Narok","Lumpy Skin Disease (LSD)",5
"Narok","Malignant Cuttehral Fever ",1
"Narok","Ocular Opacity ",2
"Narok","Peste des Petit Ruminants (PPR)",130
"Narok","Pink Eye",11
"Narok","Pneumonia",6
"Narok","Poisoning",11
"Narok","Rabies",8
"Narok","Rift Valley Fever (RVF)",5
"Narok","Sheep scab",5
"Narok","Stomach Enteritis",1
"Narok","Trypanosoma ",0
"Narok","Trypanosomiasis",1
"Narok","footrot",12
"Nyamira","Anaplasmosis",1
"Nyamira","Black Quarter",1
"Nyamira","Contagious Caprine Pleuropneumonia (CCPP)",60
"Nyamira","Foot and Mouth Disease (FMD)",4
"Nyandarua","Abcess",1
"Nyandarua","Anaplasmosis",1
"Nyandarua","Black Quarter",9
"Nyandarua","Brucellosis",9
"Nyandarua","Contagious Caprine Pleuropneumonia (CCPP)",11
"Nyandarua","East Coast Fever(ECF)",2
"Nyandarua","Foot and Mouth Disease (FMD)",15
"Nyandarua","Lumpy Skin Disease (LSD)",61
"Nyandarua","Non",52
"Nyandarua","Photosensation",2
"Nyandarua","Pneumonia",15
"Nyandarua","Poisoning",1
"Nyandarua","Rabies",1
"Nyandarua","Stomatitis",1
"Nyandarua","Trypanosomiasis",3
"Nyandarua","Uterine Infection",1
"Nyandarua","Wax Moth",10
"Nyeri","African Swine Fever (ASF)",6
"Nyeri","Anaplasmosis ",1
"Nyeri","Brucellosis",8
"Nyeri","East Coast Fever(ECF)",13
"Nyeri","Enterotoxaemia",3
"Nyeri","Foot and Mouth Disease (FMD)",18
"Nyeri","Fowl Pox",18
"Nyeri","Helminthiasis",12
"Nyeri","Lumpy Skin Disease (LSD)",16
"Nyeri","Mange",1
"Nyeri","Orf",8
"Nyeri","Parvovirus",3
"Nyeri","Pneumonia",6
"Nyeri","Rabies",1
"Samburu","  Orf",1
"Samburu"," 0",9
"Samburu"," Abscess",0
"Samburu"," Bacterial Enteritis ",1
"Samburu"," Footrot ",16
"Samburu"," Fracture Of Radius And Ulna",0
"Samburu"," N/A",3
"Samburu"," Umbilical Hernia ",0
"Samburu","Abscess",1
"Samburu","Abscess ",3
"Samburu","Actinobacillosis",1
"Samburu","Acute Mastitis ",1
"Samburu","Acute Pneumonia ",0
"Samburu","Aflatoxicosis",1
"Samburu","Aflatoxin ",5
"Samburu","Aflatoxin Poisoning ",1
"Samburu","Anaplasmosis",17
"Samburu","Anestrus",1
"Samburu","Animal bites",24
"Samburu","Auricular Hematoma ",0
"Samburu","Babesiosis ",1
"Samburu","Bacterial Diarrhea ",2
"Samburu","Bacterial Enteritis",0
"Samburu","Bacterial Mastitis ",0
"Samburu","Black Quarter",1
"Samburu","Bloat",1
"Samburu","Bloat ",2
"Samburu","Bloat And Constipation ",0
"Samburu","Bluetongue ",25
"Samburu","Bluetongue Disease ",4
"Samburu","Brucellosis",69
"Samburu","Calf Scours",2
"Samburu","Camel Cough",4
"Samburu","Camel Pox",8
"Samburu","Carpal Flexion Dystocia",0
"Samburu","Carpus Sprain",0
"Samburu","Chronic Mange Infestation ",10
"Samburu","Clinical Mastitis ",1
"Samburu","Coccidosis",12
"Samburu","Coenurosis",2
"Samburu","Coenurosis ",1
"Samburu","Contagious Bovine Pleuropneumonia (CBPP)",4
"Samburu","Contagious Caprine Pleuropneumonia (CCPP)",951
"Samburu","Contagious Ecthyma",18
"Samburu","Contagious Ecthyma ",0
"Samburu","Contagious Porcine Paralysis",3
"Samburu","Contagious Skin Necrosis ",6
"Samburu","Coryza",13
"Samburu","Decubitus Ulcer",0
"Samburu","Dermatomycosis",0
"Samburu","Dermatophycosis",1
"Samburu","Diarrhea ",12
"Samburu","Diarrhoea",2
"Samburu","Diarrhoea ",0
"Samburu","Dystocia ",1
"Samburu","East Coast Fever(ECF)",69
"Samburu","Ectoparasites Infestation ",0
"Samburu","Enteritis",1
"Samburu","Enterotoxaemia",6
"Samburu","Ephemeral Fever ",1
"Samburu","Eye Infection ",3
"Samburu","Fascioliasis",2
"Samburu","Fetal Mummification ",0
"Samburu","Flea Allergy Dermatitis",0
"Samburu","Flea Infestation ",0
"Samburu","Foot Abscess",0
"Samburu","Foot Injury ",1
"Samburu","Foot Rot",20
"Samburu","Foot and Mouth Disease (FMD)",327
"Samburu","Footh Rot",11
"Samburu","Footrot",53
"Samburu","Footrot ",14
"Samburu","Fowl Pox",1
"Samburu","Fowltyphoid",2
"Samburu","Fracture",0
"Samburu","Fracture Of The Mandible",0
"Samburu","Fractured Carpals",0
"Samburu","Gape Worm",9
"Samburu","Gape Worm Infestation ",3
"Samburu","Glossitis ",1
"Samburu","Goat Dystentry ",10
"Samburu","Goat Pox",6
"Samburu","Haemonchosis",3
"Samburu","Haemorrhagic septicemia",28
"Samburu","Heart Water",29
"Samburu","Helminthiasis",298
"Samburu","Hemonchosis",31
"Samburu","Humeral Fracture",0
"Samburu","Hypocalcemia ",0
"Samburu","Hypoglycemia ",0
"Samburu","Infection Coryza",6
"Samburu","Infectious Bursai Disease (Gumboro)",10
"Samburu","Infectious Coryza",1
"Samburu","Johnes Disease",2
"Samburu","Knee Bruises",0
"Samburu","Lameness ",1
"Samburu","Leg Wounds ",1
"Samburu","Lumpy Skin Disease (LSD)",28
"Samburu","Malnutrition ",0
"Samburu","Mammary Gland Tumor",0
"Samburu","Mange",25
"Samburu","Mange ",9
"Samburu","Mastitis",9
"Samburu","Mastitis ",6
"Samburu","Metritis",1
"Samburu","Mummified Fetus",0
"Samburu","Mycosis",5
"Samburu","Mycotoxicosis ",0
"Samburu","Neurological Diseases ",0
"Samburu","No",3
"Samburu","Non Specific Diarrhoea ",1
"Samburu","Nutritional Diarrhea ",2
"Samburu","Ophthalmitis",1
"Samburu","Orf",13
"Samburu","Parakeratosis",0
"Samburu","Paraphimosis ",0
"Samburu","Parvovirus",5
"Samburu","Peritonitis",0
"Samburu","Peste des Petit Ruminants (PPR)",868
"Samburu","Photosensitivity ",0
"Samburu","Photosensitization ",0
"Samburu","Pink Eye",4
"Samburu","Pink Eye Infection",2
"Samburu","Pneumonia",94
"Samburu","Poisoning",8
"Samburu","Poor Milking Technique Causing Pain",0
"Samburu","Puncture Wound",1
"Samburu","Puncture Wound ",1
"Samburu","Pyrethrin Poisoning ",0
"Samburu","Rab",0
"Samburu","Rabies",6
"Samburu","Retained Afterbirth",0
"Samburu","Retained Afterbirth ",0
"Samburu","Retained Placenta ",1
"Samburu","Rhinitis",1
"Samburu","Rift Valley Fever (RVF)",21
"Samburu","Ruminal Acidosis ",1
"Samburu","Salmonellosis",1
"Samburu","Septicemia ",1
"Samburu","Severed Artery",0
"Samburu","Sheep Pox",289
"Samburu","Sheep scab",2
"Samburu","Shipping Fever",0
"Samburu","Skin Abscess",1
"Samburu","Skin Abscess ",0
"Samburu","Skin Nodules ",42
"Samburu","Skin Wound",1
"Samburu","Skin Wound ",1
"Samburu","Skin Wounds",0
"Samburu","Skina Abscess ",0
"Samburu","Sodium Selenite Hypersensitivity ",0
"Samburu","Sprain",1
"Samburu","Sprain ",2
"Samburu","Sprain Of The Elbow Joint ",0
"Samburu","Sprain On Left Hind Limb ",1
"Samburu","Stick Tight Fleas",3
"Samburu","Stomatitis And Mammilitis",0
"Samburu","Streptothricosis ",2
"Samburu","Suspected CCPP",2
"Samburu","Suspected RVF",0
"Samburu","Suspected TRP",0
"Samburu","Tetanus",1
"Samburu","Tick  Fever ",1
"Samburu","Tick Infestation ",0
"Samburu","Torsion ",0
"Samburu","Transmissible Venereal Tumor",1
"Samburu","Trauma",0
"Samburu","Traumatic Pericarditis ",1
"Samburu","Traumatic Reticulopercarditis",1
"Samburu","Traumatic Reticuloperitonitis",1
"Samburu","Trypanosomiasis",44
"Samburu","Tumour",0
"Samburu","Umbilical Hernia ",0
"Samburu","Unkown",0
"Samburu","Upper respiratory infections",0
"Samburu","Uterine Prolapse ",0
"Samburu","Uterus Prolapse ",1
"Samburu","Verminous Pneumonia ",15
"Samburu","Warts ",2
"Samburu","Water Intoxication ",1
"Samburu","Worm Infestation ",6
"Samburu","Worms Infestation ",3
"Samburu","Wound",1
"Samburu","Wounds",4
"Samburu","Wounds ",3
"Samburu","Wounds and Abrasion ",1
"Samburu","tumour ",0
"Siaya"," Overgrown Horns",0
"Siaya","African Swine Fever (ASF)",0
"Siaya","Anaphylaxis ",1
"Siaya","Anaplasmosis",13
"Siaya","Babesiosis",1
"Siaya","Bee Bite ",2
"Siaya","Black Quarter",2
"Siaya","Bloat",1
"Siaya","Bovine Papillomatosis ",1
"Siaya","Brucellosis",1
"Siaya","Carpal Abrassion Wound ",1
"Siaya","Coenurosis",1
"Siaya","Contagious Caprine Pleuropneumonia (CCPP)",3
"Siaya","Dermatitis ",1
"Siaya","Dermatomycosis",3
"Siaya","East Coast Fever(ECF)",8
"Siaya","Emaciation",1
"Siaya","Enterotoxaemia",3
"Siaya","Eye Infection ",1
"Siaya","Foot and Mouth Disease (FMD)",10
"Siaya","Fowl Pox",6
"Siaya","Goat Pox",4
"Siaya","Heart Water",14
"Siaya","Helminthes",2
"Siaya","Helminthiasis",53
"Siaya","Lumpy Skin Disease (LSD)",25
"Siaya","Mange",2
"Siaya","Mastitis ",1
"Siaya","Newcastle Disease (NCD)",31
"Siaya","Oestrus ovina",4
"Siaya","Orf",4
"Siaya","Parvovirus",1
"Siaya","Peste des Petit Ruminants (PPR)",2
"Siaya","Pneumonia",6
"Siaya","Poisoning",2
"Siaya","Rabies",2
"Siaya","Strangulation",1
"Siaya","Streptothricosis",3
"Siaya","Trauma",1
"Siaya","Trauma ",1
"Siaya","Trypanosomiasis",10
"Siaya","Tryps ",1
"Siaya","Vibriosis",1
"Siaya","enterotoxaemia",5
"Taita Taveta"," 0",17
"Taita Taveta"," Acute Trypanosomiasis",1
"Taita Taveta"," Fowltyphoid",10
"Taita Taveta"," Hypocalcemia ",1
"Taita Taveta"," Warts",1
"Taita Taveta","Abortion ",2
"Taita Taveta","Abscess",8
"Taita Taveta","Abscess ",2
"Taita Taveta","Acute Trypanosomiasis",17
"Taita Taveta","Anaemia",1
"Taita Taveta","Anaplasmosis",288
"Taita Taveta","Anaplasmosis ",6
"Taita Taveta","Anaplasmosis....DDx ECF",1
"Taita Taveta","Animal bites",5
"Taita Taveta","Arthritis",2
"Taita Taveta","Babesiosis",1
"Taita Taveta","Babesiosis ",3
"Taita Taveta","Bacteria Scours ",1
"Taita Taveta","Bite Injury",1
"Taita Taveta","Black Quarter",10
"Taita Taveta","Bloat",4
"Taita Taveta","Bluetongue",2
"Taita Taveta","Bottle Jow Oedema(malnutrition)",5
"Taita Taveta","Brucellosis",15
"Taita Taveta","CRDB(chronic Respiratory Disease)",10
"Taita Taveta","Canine Distemper",3
"Taita Taveta","Canine Distemper (CD)",17
"Taita Taveta","Castration",1
"Taita Taveta","Cervical Injury ",1
"Taita Taveta","Clinical Mastitis",1
"Taita Taveta","Clinical Mastitis ",3
"Taita Taveta","Coccidosis",1725
"Taita Taveta","Colic",0
"Taita Taveta","Contagious Bovine Pleuropneumonia (CBPP)",1
"Taita Taveta","Contagious Caprine Pleuropneumonia (CCPP)",247
"Taita Taveta","Contagious Ecthyma",8
"Taita Taveta","Dehorning ",1
"Taita Taveta","Demedicosis",2
"Taita Taveta","Diarrhoea",4
"Taita Taveta","Diarrhoea ",2
"Taita Taveta","Dog Bite",1
"Taita Taveta","Dystocia",3
"Taita Taveta","Dystocia ",4
"Taita Taveta","East Coast Fever",1
"Taita Taveta","East Coast Fever(ECF)",168
"Taita Taveta","Ehrlichiosis",2
"Taita Taveta","Enteritis",4
"Taita Taveta","Enteritis ",7
"Taita Taveta","Enteritis 0",1
"Taita Taveta","Enterotoxaemia",11
"Taita Taveta","Entritis",4
"Taita Taveta","Ephemeral Fever",3
"Taita Taveta","Eye Infection",9
"Taita Taveta","Eye Infection ",1
"Taita Taveta","Eye Infection/Keratoconjunctivitis",2
"Taita Taveta","Eye infection",3
"Taita Taveta","Foot Rot",8
"Taita Taveta","Foot Rot ",2
"Taita Taveta","Foot and Mouth Disease (FMD)",9
"Taita Taveta","Foot rot",4
"Taita Taveta","Footrot",8
"Taita Taveta","Footrot ",1
"Taita Taveta","Fowl Pox",58
"Taita Taveta","Fowl Typhoid ",8
"Taita Taveta","Fowl typhoid ",10
"Taita Taveta","Fowltyphoid",5
"Taita Taveta","Fracture Of Femur",0
"Taita Taveta","Fungal Infection ",1
"Taita Taveta","GIT Infection",4
"Taita Taveta","Goat Pox",12
"Taita Taveta","Grain Overload",1
"Taita Taveta","Haemorrhagic septicemia",1
"Taita Taveta","Hapatitis",0
"Taita Taveta","Heart Water",25
"Taita Taveta","Heartwater Disease",1
"Taita Taveta","Heavy Breathing ",2
"Taita Taveta","Helmenthiasis",1
"Taita Taveta","Helmethiasis",5
"Taita Taveta","Helminthiasis",946
"Taita Taveta","Helminthiasis ",25
"Taita Taveta","Hemorrhagic Septicemia ",1
"Taita Taveta","Hydatid",1
"Taita Taveta","Hypocalcaemia",2
"Taita Taveta","Hypocalcemia",1
"Taita Taveta","Hypocalcimia",1
"Taita Taveta","Infectious Corrhiza",8
"Taita Taveta","Infectious Coryza ",30
"Taita Taveta","Infectous Corryza",2
"Taita Taveta","Infertility",1
"Taita Taveta","Insect Bite",1
"Taita Taveta","Johnes Disease",5
"Taita Taveta","Keratoconjunctivitis ",5
"Taita Taveta","Leg Fracture ",1
"Taita Taveta","Leg Injury ",1
"Taita Taveta","Limping ",1
"Taita Taveta","Lumpy Skin Disease (LSD)",11
"Taita Taveta","Malnutrition Especially Protein Deficiency",1
"Taita Taveta","Mange",63
"Taita Taveta","Mange/Ear Cancer",13
"Taita Taveta","Mastitis",23
"Taita Taveta","Mastitis ",24
"Taita Taveta","Masty",2
"Taita Taveta","Matitis",1
"Taita Taveta","Metritis",1
"Taita Taveta","Miases",1
"Taita Taveta","Milk Fever",2
"Taita Taveta","Milkman disease ",1
"Taita Taveta","Miscarriage ",1
"Taita Taveta","Myaisis",1
"Taita Taveta","Myasis",5
"Taita Taveta","Myiasis",14
"Taita Taveta","NSD",1
"Taita Taveta","Nerval Illness ",2
"Taita Taveta","Newcastle Disease (NCD)",185
"Taita Taveta","No",1
"Taita Taveta","Nsd",2
"Taita Taveta","Off Disease",9
"Taita Taveta","Orf",10
"Taita Taveta","Orf Disease",1
"Taita Taveta","Orf Disease ",8
"Taita Taveta","Orf Virus",17
"Taita Taveta","Orf disease",1
"Taita Taveta","Parvovirus",1
"Taita Taveta","Perineal Hernia",0
"Taita Taveta","Peste des Petit Ruminants (PPR)",41
"Taita Taveta","Physical Trauma",1
"Taita Taveta","Pink Eye",2
"Taita Taveta","Pink Eye Infection",7
"Taita Taveta","Pneumonia",650
"Taita Taveta","Poisoning",3
"Taita Taveta","Poor Body Condition ",1
"Taita Taveta","Postpartum Uterine Infection",2
"Taita Taveta","Postpertum Uterine Infection",1
"Taita Taveta","Pregnancy Test ",0
"Taita Taveta","Pyometra",1
"Taita Taveta","R.A.B",2
"Taita Taveta","RAB",3
"Taita Taveta","RAT",2
"Taita Taveta","Rabies",1
"Taita Taveta","Respiratory Infection",2
"Taita Taveta","Respiratory Infection, Helminthiasis",1
"Taita Taveta","Retain After Birth ",1
"Taita Taveta","Retained  Afterbirth ",0
"Taita Taveta","Retained After birth",1
"Taita Taveta","Retained Afterbirth ",6
"Taita Taveta","Rift Valley Fever (RVF)",16
"Taita Taveta","Ring Worm",1
"Taita Taveta","Salmonellosis ",10
"Taita Taveta","Septicemia ",3
"Taita Taveta","Sheep Pox",7
"Taita Taveta","Skin Abscess",0
"Taita Taveta","Skin Abscess ",0
"Taita Taveta","Skin Deases",4
"Taita Taveta","Skin Infection",1
"Taita Taveta","Stinging",3
"Taita Taveta","Suspected Canine tick Borne Fever (Babesiosis and Or Canine Ehrlichiosis.",1
"Taita Taveta","Tick Bite Fever",1
"Taita Taveta","Tick Fever",1
"Taita Taveta","Traumatic Injury",1
"Taita Taveta","Trypanosomiasis",1279
"Taita Taveta","Trypanosomiasis DDx Mineral Deficiency",1
"Taita Taveta","Trypanosomiasis, Respiratory Infection",1
"Taita Taveta","Trypanosomiasis....ddx Respiratory Infection",1
"Taita Taveta","Tryps and Helminthiasis",1
"Taita Taveta","Tuberculosis ",1
"Taita Taveta","Unknown ",0
"Taita Taveta","Uterine Infection",0
"Taita Taveta","Uterine Irrigation ",1
"Taita Taveta","Uterine Prolapse",2
"Taita Taveta","Uterine Prolapse ",1
"Taita Taveta","Vaginal Prolapse ",4
"Taita Taveta","Vibriosis ",1
"Taita Taveta","Warts",1
"Taita Taveta","Wound",2
"Taita Taveta","Wound ",1
"Taita Taveta","Wounds",2
"Taita Taveta","parturition eodema ",1
"Tana River"," 0",3
"Tana River","Abscess",2
"Tana River","Anaplasmosis",8
"Tana River","Anaplasmosis ",20
"Tana River","Animal bites",17
"Tana River","Black Quarter",5
"Tana River","Blue Tongue",5
"Tana River","Bluetongue",7
"Tana River","Broken Hind Limb",1
"Tana River","Brucellosis",33
"Tana River","Camel Pox",8
"Tana River","Coccidosis",91
"Tana River","Contagious Bovine Pleuropneumonia (CBPP)",6
"Tana River","Contagious Caprine Pleuropneumonia (CCPP)",615
"Tana River","Diarrhoea",1
"Tana River","Enterotoxaemia",3
"Tana River","Equine trypanosomiasis ",1
"Tana River","Exophthalmos ",0
"Tana River","Foot Rot",27
"Tana River","Foot and Mouth Disease (FMD)",70
"Tana River","Foot rot",6
"Tana River","Fowl Typhoid",17
"Tana River","Goat Pox",421
"Tana River","Haemorrhagic septicemia",27
"Tana River","Hardware",0
"Tana River","Heart Water",1
"Tana River","Helmenthiosis",3
"Tana River","Helmethiosis",2
"Tana River","Helminthiasis",260
"Tana River","Helminthiasis ",5
"Tana River","Infectious Coryza",2
"Tana River","Infectious Coryza ",15
"Tana River","Injury",1
"Tana River","Kennel cough",1
"Tana River","Lumpy Skin Disease (LSD)",45
"Tana River","Mange",76
"Tana River","Newcastle Disease (NCD)",13
"Tana River","None ",1
"Tana River","Orf",1
"Tana River","Parvovirus",1
"Tana River","Peste des Petit Ruminants (PPR)",180
"Tana River","Pneumonia",465
"Tana River","Rift Valley Fever (RVF)",3
"Tana River","Septicaemia/Salmonella ",3
"Tana River","Sheep Enterotoximea",5
"Tana River","Sheep Pox",30
"Tana River","Sheep scab",4
"Tana River","Tick Infestation ",1
"Tana River","Trypanosomiasis",191
"Tana River","Yes",7
"Tana River","orf",9
"Tharaka-Nithi"," 0",1
"Tharaka-Nithi","Anaplasmosis",22
"Tharaka-Nithi","Anthrax",0
"Tharaka-Nithi","Black Quarter",1
"Tharaka-Nithi","Brucellosis",2
"Tharaka-Nithi","Brucellosis ",1
"Tharaka-Nithi","Canine Distemper (CD)",8
"Tharaka-Nithi","Cellulitis ",3
"Tharaka-Nithi","Coccidosis",2
"Tharaka-Nithi","Cowdriosis",1
"Tharaka-Nithi","East Coast Fever(ECF)",5
"Tharaka-Nithi","Enterotoxaemia",3
"Tharaka-Nithi","Foot Rot",2
"Tharaka-Nithi","Foot and Mouth Disease (FMD)",70
"Tharaka-Nithi","Git Infection ",1
"Tharaka-Nithi","Goat Pox",2
"Tharaka-Nithi","Heart Water",0
"Tharaka-Nithi","Helminthiasis",1
"Tharaka-Nithi","Kennel cough",1
"Tharaka-Nithi","Lumpy Skin Disease (LSD)",120
"Tharaka-Nithi","Mastitis",1
"Tharaka-Nithi","Mastitis ",6
"Tharaka-Nithi","Milk Fever",1
"Tharaka-Nithi","Non specific disease ",0
"Tharaka-Nithi","None ",2
"Tharaka-Nithi","Numbness ",1
"Tharaka-Nithi","O",1
"Tharaka-Nithi","O0",0
"Tharaka-Nithi","Pneumonia",25
"Tharaka-Nithi","Rabies",0
"Tharaka-Nithi","Retained Afterbirth ",1
"Tharaka-Nithi","Trichomoniasis ",1
"Tharaka-Nithi","Trypanosomiasis",13
"Tharaka-Nithi","mastitis",0
"Trans Nzoia","Black Quarter",2
"Trans Nzoia","Calfscours Disease",1
"Trans Nzoia","Foot and Mouth Disease (FMD)",16
"Trans Nzoia","Helminthiasis",3
"Trans Nzoia","Hydatidosis ",0
"Trans Nzoia","Infectious Bronchitis",45
"Trans Nzoia","Mastitis ",1
"Trans Nzoia","Pneumonia",5
"Trans Nzoia","Salmonelosis",1
"Trans Nzoia","Tetanus",1
"Turkana","Anaplasmosis",1
"Turkana","Brucellosis",10
"Turkana","CCPP",3
"Turkana","Camel Mange",3
"Turkana","Camel Pox",2
"Turkana","Chlamydia",1
"Turkana","Contagious Bovine Pleuropneumonia (CBPP)",2
"Turkana","Contagious Caprine Pleuropneumonia (CCPP)",331
"Turkana","Diarrhea ",3
"Turkana","Diarrhoea ",57
"Turkana","Enterotoxaemia",29
"Turkana","Faecal Impaction",3
"Turkana","Foot Rot",6
"Turkana","Foot rot",16
"Turkana","Goat Pox",44
"Turkana","Haemorrhagic Septicaemia ",4
"Turkana","Heart Water",10
"Turkana","Helminth ",2
"Turkana","Helminthiasis",70
"Turkana","Lumpy Skin Disease (LSD)",90
"Turkana","Mange",40
"Turkana","Newcastle Disease (NCD)",3
"Turkana","Orf",85
"Turkana","Orf ",8
"Turkana","Plant Poisoning ",1
"Turkana","Pneumonia",14
"Turkana","Rabies",1
"Turkana","Sheep scab",13
"Turkana","Trypanosomiasis",3
"Uasin Gishu","Anaplasmosis",1
"Uasin Gishu","Anthrax",0
"Uasin Gishu","Contagious Caprine Pleuropneumonia (CCPP)",9
"Uasin Gishu","East Coast Fever(ECF)",2
"Uasin Gishu","Enterotoxaemia",1
"Uasin Gishu","Helminthiasis",5
"Uasin Gishu","Mange",1
"Uasin Gishu","Mange ",1
"Uasin Gishu","Mastitis ",1
"Uasin Gishu","Pneumonia",12
"Uasin Gishu","Rabies",1
"Vihiga"," 0",2
"Vihiga"," Abscess",10
"Vihiga"," Effects Of Dexamethasone",1
"Vihiga"," Grass Tetany",1
"Vihiga"," Horn Buds",1
"Vihiga"," Iron Deficiency ",0
"Vihiga"," Locia",1
"Vihiga"," Pink Eye",1
"Vihiga"," Retained Afterbirth",2
"Vihiga"," Salmonellosis",1
"Vihiga","Allergy",2
"Vihiga","Anaestrus",3
"Vihiga","Anaplasmosis",23
"Vihiga","Animal bites",3
"Vihiga","Anorexic",5
"Vihiga","Anthrax",3
"Vihiga","Arthritis ",1
"Vihiga","Ascites ",1
"Vihiga","Babesiosis",1
"Vihiga","Bee Sting",1
"Vihiga","Benign tumour of mammary gland ",1
"Vihiga","Black Quarter",1
"Vihiga","Brucellosis",14
"Vihiga","Camel Pox",1
"Vihiga","Canine Distemper (CD)",1
"Vihiga","Clinical Mastitis",3
"Vihiga","Coccidosis",49
"Vihiga","Compound Fructure",1
"Vihiga","Contagious Caprine Pleuropneumonia (CCPP)",234
"Vihiga","Delayed Heat",2
"Vihiga","Diamond ",1
"Vihiga","Diqrrhoea due lush pasture",6
"Vihiga","Dislocation ",2
"Vihiga","Downer cow syndrome ",1
"Vihiga","Dystocia",1
"Vihiga","East Coast Fever(ECF)",24
"Vihiga","Enterotoxaemia",3
"Vihiga","Foot and Mouth Disease (FMD)",14
"Vihiga","Fowl Pox",20
"Vihiga","Fowl Typhoid ",1
"Vihiga","Gangrenous Disease",10
"Vihiga","Goat Pox",9
"Vihiga","Hardware ",1
"Vihiga","Heart Water",12
"Vihiga","Heartwater",1
"Vihiga","Helmenthiasis",5
"Vihiga","Helminthiasis",299
"Vihiga","Helminthiasis ",169
"Vihiga","Helminthisiasis",3
"Vihiga","Infertility  Disease",0
"Vihiga","Iron ",0
"Vihiga","Iron Defficiency ",9
"Vihiga","Iron Deficiency",8
"Vihiga","Iron Deficiency,tooth & Tail Clipping",0
"Vihiga","Laceration",1
"Vihiga","Laceration ",2
"Vihiga","Lice Infestation ",1
"Vihiga","Locked Jaw/ Tetanus",1
"Vihiga","Lumpy Skin Disease (LSD)",18
"Vihiga","Mange",41
"Vihiga","Manges",2
"Vihiga","Mastitis",7
"Vihiga","Mastitis ",8
"Vihiga","Mastitis/blocked Teat",1
"Vihiga","Menges",1
"Vihiga","Milk Fever",1
"Vihiga","Mummified foetus ",1
"Vihiga","Newcastle Disease (NCD)",65
"Vihiga","O",1
"Vihiga","Parvovirus",2
"Vihiga","Peste des Petit Ruminants (PPR)",73
"Vihiga","Photosensitization",1
"Vihiga","Photosensitization ",0
"Vihiga","Pink Eye",2
"Vihiga","Pneumonia",79
"Vihiga","Poisoning",1
"Vihiga","Postparturent Agalactia",1
"Vihiga","Pregnancy Diagnostic",0
"Vihiga","Profuse Diarrhoea",8
"Vihiga","Rabies",2
"Vihiga","Reproductive Disorder",3
"Vihiga","Retained After Birth",2
"Vihiga","Retained Placenta",1
"Vihiga","Ringworms",2
"Vihiga","Rolling Tongue ",1
"Vihiga","Ruminal Tympany",1
"Vihiga","Sprain",1
"Vihiga","Stomach Enteritis ",3
"Vihiga","Streptococcis",1
"Vihiga","TRP",1
"Vihiga","Thelezia",1
"Vihiga","Transmissible Venereal Tumour",0
"Vihiga","Traumatic of eye",1
"Vihiga","Trypanosomiasis",10
"Vihiga","Tumour ",1
"Vihiga","Uterine Prolapse",1
"Vihiga","Vaginal Prolapse",1
"Vihiga","Wart Infection",1
"Vihiga","Wart Infection ",1
"Vihiga","Warts",0
"Wajir","Anaemic ",10
"Wajir","Animal bites",10
"Wajir","Contagious Caprine Pleuropneumonia (CCPP)",132
"Wajir","Foot and Mouth Disease (FMD)",15
"Wajir","Goat Pox",5
"Wajir","Haemorrhagic septicemia",5
"Wajir","Peste des Petit Ruminants (PPR)",1416
"Wajir","Pneumonia",26
"Wajir","Rabies",12
"West Pokot","Anaplasmosis",12
"West Pokot","Contagious Caprine Pleuropneumonia (CCPP)",5
"West Pokot","East Coast Fever(ECF)",16
"West Pokot","Fungul",6
"West Pokot","Helminthiasis",11
"West Pokot","Lumpy Skin Disease (LSD)",24
"West Pokot","Mange",2
"West Pokot","Peste des Petit Ruminants (PPR)",51
"West Pokot","Retain Placenta",1
"West Pokot","Rift Valley Fever (RVF)",1
"West Pokot","Sinusitis",1
"West Pokot","Trypanosomiasis",3
